{
    "id": "20250723.U04246",
    "email_from": "destiny.duncan@dhl.com",
    "email_subject": "US OFR Kellogg ORD",
    "email_to": "noreply.shipmentcreateicap@dhl.com",
    "email_cc": "",
    "matched_profile_name": "US_KELLOGG_ORD_SEA_ShipmentCreate",
    "customs_number": null,
    "status": "completed",
    "verification_status": "",
    "assembly_triggered": true,
    "shipment_status_url": [],
    "confirmation_numbers": [
        "S2503572801"
    ],
    "created_at": "2025-07-25T18:10:06.703190Z",
    "updated_at": "2025-07-25T18:10:06.703205Z",
    "timeline_data": [
        {
            "id": 408593,
            "batch_id": "20250723.U04246",
            "status": "completed",
            "message": "Assembly process completed successfully",
            "sub_message": null,
            "remarks": null,
            "action": null,
            "event_time": "2025-07-25T18:10:06.805323Z"
        },
        {
            "id": 408592,
            "batch_id": "20250723.U04246",
            "status": "inprogress",
            "message": "Uploading document '90118582 -4507888420.pdf' to CW1 edoc successful with status code 200",
            "sub_message": null,
            "remarks": "{\"file_path\": \"/batches/email-batches/20250723.04246/extraction/attachments/90118582 -4507888420.pdf\", \"doc_number\": 420, \"filing_country\": \"US\", \"shipmentID\": \"S2503572801\"}",
            "action": "display_json",
            "event_time": "2025-07-25T18:10:06.801920Z"
        },
        {
            "id": 408591,
            "batch_id": "20250723.U04246",
            "status": "inprogress",
            "message": "Shipment-Create API call was successful",
            "sub_message": null,
            "remarks": "{\"_DGFBookingID\": \"0434506dba6344b79c0082c8abb486c0\", \"status\": \"Shipment Created\", \"housebillNumber\": \"ORDA95024\", \"shipmentID\": \"S2503572801\", \"shipmentTrackingURL\": \"https://api.dhl.com/dgff/transportation/shipment-tracking?housebill=ORDA95024\", \"statusURL\": \"https://api.dhl.com/dgff/transportation/shipment-booking/status?_DGFBookingID=0434506dba6344b79c0082c8abb486c0\"}",
            "action": "display_json",
            "event_time": "2025-07-25T18:10:06.798702Z"
        },
        {
            "id": 408590,
            "batch_id": "20250723.U04246",
            "status": "inprogress",
            "message": "Calling shipment-create API to send payload",
            "sub_message": null,
            "remarks": "{\"references\": [{\"type\": \"SRN\", \"number\": \"90118582\"}, {\"type\": \"CLT\", \"number\": \"061347953LA\"}, {\"type\": \"PON\", \"number\": \"10522688\"}, {\"type\": \"TID\", \"number\": \"TR00057225\"}], \"shipmentType\": \"FCL\", \"modeOfTransport\": \"SEA\", \"originCountryCode\": \"US\", \"originLocationCode\": \"USORD\", \"shipmentBranchCode\": \"ORD\"}",
            "action": "display_json",
            "event_time": "2025-07-25T18:10:06.795109Z"
        },
        {
            "id": 408589,
            "batch_id": "20250723.U04246",
            "status": "inprogress",
            "message": "Transaction result(s) generated without validation errors",
            "sub_message": null,
            "remarks": "[{\"data\": {\"batchid\": \"AS20250723.005404\", \"references\": [{\"type\": \"SRN\", \"number\": \"90118582\"}, {\"type\": \"CLT\", \"number\": \"061347953LA\"}, {\"type\": \"PON\", \"number\": \"10522688\"}, {\"type\": \"TID\", \"number\": \"TR00057225\"}], \"shipmentType\": \"FCL\", \"modeOfTransport\": \"SEA\", \"originCountryCode\": \"US\", \"originLocationCode\": \"USORD\", \"shipmentBranchCode\": \"ORD\"}, \"type\": \"shipment-create\", \"batches\": [\"AS20250723.005404\"], \"validation_errors\": []}]",
            "action": "display_json",
            "event_time": "2025-07-25T18:10:06.791242Z"
        },
        {
            "id": 408588,
            "batch_id": "20250723.U04246",
            "status": "inprogress",
            "message": "Assembly process initiated",
            "sub_message": null,
            "remarks": null,
            "action": null,
            "event_time": "2025-07-25T18:10:06.788026Z"
        },
        {
            "id": 408587,
            "batch_id": "20250723.U04246",
            "status": "inprogress",
            "message": "Classification process completed. Awaiting assembly process.",
            "sub_message": null,
            "remarks": null,
            "action": null,
            "event_time": "2025-07-25T18:10:06.784270Z"
        },
        {
            "id": 408586,
            "batch_id": "20250723.U04246",
            "status": "inprogress",
            "message": "Document matching completed",
            "sub_message": null,
            "remarks": "[{\"file_name\": \"90118582 -4507888420.pdf\", \"status\": \"Matched (Commercial Invoice)\"}]",
            "action": "display_table",
            "event_time": "2025-07-25T18:10:06.780662Z"
        },
        {
            "id": 408585,
            "batch_id": "20250723.U04246",
            "status": "inprogress",
            "message": "Document matching initiated",
            "sub_message": null,
            "remarks": null,
            "action": null,
            "event_time": "2025-07-25T18:10:06.776800Z"
        },
        {
            "id": 408584,
            "batch_id": "20250723.U04246",
            "status": "inprogress",
            "message": "Classification process initiated",
            "sub_message": null,
            "remarks": null,
            "action": null,
            "event_time": "2025-07-25T18:10:06.773397Z"
        },
        {
            "id": 408583,
            "batch_id": "20250723.U04246",
            "status": "inprogress",
            "message": "Classification process queued",
            "sub_message": null,
            "remarks": null,
            "action": null,
            "event_time": "2025-07-25T18:10:06.770244Z"
        },
        {
            "id": 408582,
            "batch_id": "20250723.U04246",
            "status": "inprogress",
            "message": "Awaiting datacap API callback to initiate classification process",
            "sub_message": null,
            "remarks": null,
            "action": null,
            "event_time": "2025-07-25T18:10:06.765672Z"
        },
        {
            "id": 408581,
            "batch_id": "20250723.U04246",
            "status": "inprogress",
            "message": "Transaction execution successful.",
            "sub_message": null,
            "remarks": null,
            "action": null,
            "event_time": "2025-07-25T18:10:06.762212Z"
        },
        {
            "id": 408580,
            "batch_id": "20250723.U04246",
            "status": "inprogress",
            "message": "Datacap Batch Created",
            "sub_message": null,
            "remarks": "{\"batch_id\": \"AS20250723.005404\", \"queque_id\": \"813556\", \"file\": \"/batches/email-batches/20250723.04246/extraction/attachments/90118582 -4507888420.pdf\"}",
            "action": "display_key_values",
            "event_time": "2025-07-25T18:10:06.759099Z"
        },
        {
            "id": 408579,
            "batch_id": "20250723.U04246",
            "status": "inprogress",
            "message": "Creating batches in Datacap",
            "sub_message": null,
            "remarks": null,
            "action": null,
            "event_time": "2025-07-25T18:10:06.755736Z"
        },
        {
            "id": 408578,
            "batch_id": "20250723.U04246",
            "status": "inprogress",
            "message": "Email parsing completed",
            "sub_message": null,
            "remarks": null,
            "action": null,
            "event_time": "2025-07-25T18:10:06.751697Z"
        },
        {
            "id": 408577,
            "batch_id": "20250723.U04246",
            "status": "inprogress",
            "message": "Profile matching completed",
            "sub_message": null,
            "remarks": "\"Matched profile: US_KELLOGG_ORD_SEA_ShipmentCreate\"",
            "action": null,
            "event_time": "2025-07-25T18:10:06.748502Z"
        },
        {
            "id": 408576,
            "batch_id": "20250723.U04246",
            "status": "inprogress",
            "message": "Profile matching initiated",
            "sub_message": null,
            "remarks": null,
            "action": null,
            "event_time": "2025-07-25T18:10:06.744832Z"
        },
        {
            "id": 408575,
            "batch_id": "20250723.U04246",
            "status": "inprogress",
            "message": "Initiating email parsing",
            "sub_message": null,
            "remarks": null,
            "action": null,
            "event_time": "2025-07-25T18:10:06.740814Z"
        },
        {
            "id": 408574,
            "batch_id": "20250723.U04246",
            "status": "queued",
            "message": "Transaction added to queue for processing",
            "sub_message": null,
            "remarks": null,
            "action": null,
            "event_time": "2025-07-25T18:10:06.735754Z"
        }
    ],
    "parsed_documents": [
        {
            "email": "20250723.U04246",
            "name": "90118582 -4507888420.pdf",
            "path": "/batches/email-batches/20250723.U04246/extraction/attachments/90118582 -4507888420.pdf",
            "type": "attachment",
            "matched_profile_doc": null,
            "batch_id": "AS20250723.U005404",
            "splitted": false
        }
    ],
    "batch_mode": "Processing"
}