[
    {
        "id": 2568,
        "documents": [
            {
                "id": 5237,
                "template": null,
                "doc_type": "Commercial Invoice",
                "content_location": "Email Attachment",
                "name_matching_option": "",
                "name_matching_text": "",
                "category": "Processing",
                "language": "English",
                "ocr_engine": "S",
                "page_rotate": false,
                "barcode": false,
                "show_embedded_img": false,
                "profile": 2568,
                "definition": {
                    "data": {
                        "uat": {
                            "key": {
                                "items": [
                                    {
                                        "id": "e9be2eae-3649-4861-8993-62aa88848672",
                                        "type": "anchors",
                                        "shape": "",
                                        "endPos": "",
                                        "export": false,
                                        "pageId": "",
                                        "topPos": "",
                                        "keyLabel": "references",
                                        "selector": false,
                                        "startPos": "",
                                        "typeData": {},
                                        "bottomPos": "",
                                        "pageIndex": "",
                                        "anchorShapes": {
                                            "top": {
                                                "pos": "1233,75,1501,100",
                                                "text": "INV NUMBER",
                                                "pageIndex": 0,
                                                "threshold": null,
                                                "documentIndex": 0
                                            },
                                            "left": {
                                                "pos": "1233,75,1501,100",
                                                "text": "INV NUMBER",
                                                "pageIndex": 0,
                                                "threshold": "-300",
                                                "documentIndex": 0
                                            },
                                            "right": {
                                                "pos": "1233,75,1501,100",
                                                "text": "INV NUMBER",
                                                "pageIndex": 0,
                                                "threshold": "250",
                                                "documentIndex": 0
                                            },
                                            "bottom": {
                                                "pos": "1231,227,1481,250",
                                                "text": "ORD NUMBER",
                                                "pageIndex": 0,
                                                "threshold": null,
                                                "documentIndex": 0
                                            }
                                        },
                                        "compoundItems": [],
                                        "isCompoundKey": false,
                                        "isCompoundItem": false,
                                        "qualifierValue": "SRN",
                                        "regexExtractor": null,
                                        "advanceSettings": {
                                            "mergeValue": false,
                                            "groupMultiple": false,
                                            "mergeValueSeparator": ",",
                                            "groupMultipleSeparator": ","
                                        },
                                        "extractMultiple": false,
                                        "removeDuplicates": false,
                                        "excelRegexExtractor": null,
                                        "singleColumnExtractor": null
                                    },
                                    {
                                        "id": "ffdb6480-d1b6-4a79-ad7b-c448f6e39b82",
                                        "type": "regexExtractor",
                                        "shape": "",
                                        "endPos": "",
                                        "export": false,
                                        "pageId": "",
                                        "topPos": "",
                                        "keyLabel": "references",
                                        "selector": false,
                                        "startPos": "",
                                        "typeData": {},
                                        "bottomPos": "",
                                        "pageIndex": "",
                                        "anchorShapes": null,
                                        "compoundItems": [],
                                        "isCompoundKey": false,
                                        "isCompoundItem": false,
                                        "qualifierValue": "CLT",
                                        "regexExtractor": {
                                            "anchors": {
                                                "top": {
                                                    "pos": "1233,75,1501,100",
                                                    "text": "INV NUMBER",
                                                    "pageIndex": 0,
                                                    "threshold": null,
                                                    "documentIndex": 0
                                                },
                                                "bottom": {
                                                    "pos": "1231,227,1481,250",
                                                    "text": "ORD NUMBER",
                                                    "pageIndex": 0,
                                                    "threshold": null,
                                                    "documentIndex": 0
                                                }
                                            },
                                            "patterns": [
                                                "\\d{9}[A-Z]{2}$"
                                            ]
                                        },
                                        "advanceSettings": {
                                            "mergeValue": false,
                                            "groupMultiple": false,
                                            "mergeValueSeparator": ",",
                                            "groupMultipleSeparator": ","
                                        },
                                        "extractMultiple": false,
                                        "removeDuplicates": false,
                                        "excelRegexExtractor": null,
                                        "singleColumnExtractor": null
                                    },
                                    {
                                        "id": "8fde55ce-a29a-455e-bf67-21bc1d211977",
                                        "type": "anchors",
                                        "shape": "",
                                        "endPos": "",
                                        "export": false,
                                        "pageId": "",
                                        "topPos": "",
                                        "keyLabel": "references",
                                        "selector": false,
                                        "startPos": "",
                                        "typeData": {},
                                        "bottomPos": "",
                                        "pageIndex": "",
                                        "anchorShapes": {
                                            "top": {
                                                "pos": "1231,227,1481,250",
                                                "text": "ORD NUMBER",
                                                "pageIndex": 0,
                                                "threshold": null,
                                                "documentIndex": 0
                                            },
                                            "left": {
                                                "pos": "1231,227,1481,250",
                                                "text": "ORD NUMBER",
                                                "pageIndex": 0,
                                                "threshold": "-300",
                                                "documentIndex": 0
                                            },
                                            "right": {
                                                "pos": "1231,227,1481,250",
                                                "text": "ORD NUMBER",
                                                "pageIndex": 0,
                                                "threshold": "250",
                                                "documentIndex": 0
                                            },
                                            "bottom": {
                                                "pos": "1232,377,1527,400",
                                                "text": "CARRIER NAME",
                                                "pageIndex": 0,
                                                "threshold": null,
                                                "documentIndex": 0
                                            }
                                        },
                                        "compoundItems": [],
                                        "isCompoundKey": false,
                                        "isCompoundItem": false,
                                        "qualifierValue": "PON",
                                        "regexExtractor": null,
                                        "advanceSettings": {
                                            "mergeValue": false,
                                            "groupMultiple": false,
                                            "mergeValueSeparator": ",",
                                            "groupMultipleSeparator": ","
                                        },
                                        "extractMultiple": false,
                                        "removeDuplicates": false,
                                        "excelRegexExtractor": null,
                                        "singleColumnExtractor": null
                                    },
                                    {
                                        "id": "95e71803-505e-443e-8a47-ae111d41b57b",
                                        "type": "anchors",
                                        "shape": "",
                                        "endPos": "",
                                        "export": false,
                                        "pageId": "",
                                        "topPos": "",
                                        "keyLabel": "consignee",
                                        "selector": false,
                                        "startPos": "",
                                        "typeData": {},
                                        "bottomPos": "",
                                        "pageIndex": "",
                                        "anchorShapes": {
                                            "top": {
                                                "pos": "31,470,217,500",
                                                "text": "SHIP TO :",
                                                "pageIndex": 0,
                                                "threshold": "-50",
                                                "documentIndex": 0
                                            },
                                            "left": {
                                                "pos": "31,470,217,500",
                                                "text": "SHIP TO :",
                                                "pageIndex": 0,
                                                "threshold": "25",
                                                "documentIndex": 0
                                            },
                                            "right": {
                                                "pos": "1230,525,1580,550",
                                                "text": "BILL of LADING",
                                                "pageIndex": 0,
                                                "threshold": "-50",
                                                "documentIndex": 0
                                            },
                                            "bottom": {
                                                "pos": "32,820,213,850",
                                                "text": "BILL TO :",
                                                "pageIndex": 0,
                                                "threshold": null,
                                                "documentIndex": 0
                                            }
                                        },
                                        "compoundItems": [],
                                        "isCompoundKey": false,
                                        "isCompoundItem": false,
                                        "qualifierValue": "",
                                        "regexExtractor": null,
                                        "advanceSettings": {},
                                        "extractMultiple": false,
                                        "removeDuplicates": false,
                                        "excelRegexExtractor": null,
                                        "singleColumnExtractor": null
                                    },
                                    {
                                        "id": "96a2d022-33c9-4848-bbac-bf9fafc70ef1",
                                        "type": "static",
                                        "shape": "ORD",
                                        "endPos": "",
                                        "export": false,
                                        "pageId": "",
                                        "topPos": "",
                                        "keyLabel": "shipmentBranchCode",
                                        "selector": false,
                                        "startPos": "",
                                        "typeData": {},
                                        "bottomPos": "",
                                        "pageIndex": "",
                                        "anchorShapes": null,
                                        "compoundItems": [],
                                        "isCompoundKey": false,
                                        "isCompoundItem": false,
                                        "qualifierValue": "",
                                        "regexExtractor": null,
                                        "advanceSettings": {},
                                        "extractMultiple": false,
                                        "removeDuplicates": false,
                                        "excelRegexExtractor": null,
                                        "singleColumnExtractor": null
                                    },
                                    {
                                        "id": "052768d8-cfa0-42a1-8ca7-f04efe946a9c",
                                        "type": "static",
                                        "shape": "SEA",
                                        "endPos": "",
                                        "export": false,
                                        "pageId": "",
                                        "topPos": "",
                                        "keyLabel": "modeOfTransport",
                                        "selector": false,
                                        "startPos": "",
                                        "typeData": {},
                                        "bottomPos": "",
                                        "pageIndex": "",
                                        "anchorShapes": null,
                                        "compoundItems": [],
                                        "isCompoundKey": false,
                                        "isCompoundItem": false,
                                        "qualifierValue": "",
                                        "regexExtractor": null,
                                        "advanceSettings": {},
                                        "extractMultiple": false,
                                        "removeDuplicates": false,
                                        "excelRegexExtractor": null,
                                        "singleColumnExtractor": null
                                    },
                                    {
                                        "id": "32d766a4-d3c8-427d-b857-ca47fca0a978",
                                        "type": "static",
                                        "shape": "FCL",
                                        "endPos": "",
                                        "export": false,
                                        "pageId": "",
                                        "topPos": "",
                                        "keyLabel": "shipmentType",
                                        "selector": false,
                                        "startPos": "",
                                        "typeData": {},
                                        "bottomPos": "",
                                        "pageIndex": "",
                                        "anchorShapes": null,
                                        "compoundItems": [],
                                        "isCompoundKey": false,
                                        "isCompoundItem": false,
                                        "qualifierValue": "",
                                        "regexExtractor": null,
                                        "advanceSettings": {},
                                        "extractMultiple": false,
                                        "removeDuplicates": false,
                                        "excelRegexExtractor": null,
                                        "singleColumnExtractor": null
                                    },
                                    {
                                        "id": "25aff5db-318f-49cb-9588-17693edc78fb",
                                        "type": "static",
                                        "shape": "US",
                                        "endPos": "",
                                        "export": false,
                                        "pageId": "",
                                        "topPos": "",
                                        "keyLabel": "originCountryCode",
                                        "selector": false,
                                        "startPos": "",
                                        "typeData": {},
                                        "bottomPos": "",
                                        "pageIndex": "",
                                        "anchorShapes": null,
                                        "compoundItems": [],
                                        "isCompoundKey": false,
                                        "isCompoundItem": false,
                                        "qualifierValue": "",
                                        "regexExtractor": null,
                                        "advanceSettings": {},
                                        "extractMultiple": false,
                                        "removeDuplicates": false,
                                        "excelRegexExtractor": null,
                                        "singleColumnExtractor": null
                                    },
                                    {
                                        "id": "d2cc52eb-31d5-40b4-ae38-5da5db5c021f",
                                        "type": "selector",
                                        "shape": "Selector",
                                        "endPos": "164.55544933078392",
                                        "export": false,
                                        "pageId": "TM000002",
                                        "topPos": "506.7698374760994",
                                        "keyLabel": "originLocationCode",
                                        "selector": true,
                                        "startPos": "13.408221797323133",
                                        "typeData": {},
                                        "bottomPos": "565.2784416826003",
                                        "pageIndex": "0",
                                        "anchorShapes": null,
                                        "compoundItems": [],
                                        "isCompoundKey": false,
                                        "isCompoundItem": false,
                                        "qualifierValue": "",
                                        "regexExtractor": null,
                                        "advanceSettings": {},
                                        "extractMultiple": false,
                                        "removeDuplicates": false,
                                        "excelRegexExtractor": null,
                                        "singleColumnExtractor": null
                                    },
                                    {
                                        "id": "cbf46072-af8d-4a47-b367-9d86032c167f",
                                        "type": "static",
                                        "shape": "Sahadat bhai",
                                        "endPos": "",
                                        "export": false,
                                        "pageId": "",
                                        "topPos": "",
                                        "keyLabel": "notes",
                                        "selector": false,
                                        "startPos": "",
                                        "typeData": {},
                                        "bottomPos": "",
                                        "pageIndex": "",
                                        "anchorShapes": null,
                                        "compoundItems": [],
                                        "isCompoundKey": false,
                                        "isCompoundItem": false,
                                        "qualifierValue": "BKN",
                                        "regexExtractor": null,
                                        "advanceSettings": {
                                            "mergeValue": false,
                                            "groupMultiple": false,
                                            "mergeValueSeparator": ",",
                                            "groupMultipleSeparator": ","
                                        },
                                        "extractMultiple": false,
                                        "removeDuplicates": false,
                                        "excelRegexExtractor": null,
                                        "singleColumnExtractor": null
                                    }
                                ],
                                "models": [],
                                "ruleItems": [],
                                "lookupItems": [
                                    {
                                        "keyId": "95e71803-505e-443e-8a47-ae111d41b57b",
                                        "queries": [
                                            {
                                                "sql": "SELECT * FROM \"TEMPLATE_MASTER\" WHERE \"PROFILE_NAME\" = '<I>US_KELLOGG_ORD_SEA_ShipmentCreate</I>'",
                                                "group": {
                                                    "items": [
                                                        {
                                                            "data": {
                                                                "value": "US_KELLOGG_ORD_SEA_ShipmentCreate",
                                                                "column": "PROFILE_NAME",
                                                                "operator": "=",
                                                                "valueType": "input"
                                                            },
                                                            "type": "rule"
                                                        }
                                                    ],
                                                    "operator": "AND"
                                                },
                                                "table": "TEMPLATE_MASTER"
                                            }
                                        ],
                                        "nestedLabel": "consignee.city"
                                    }
                                ],
                                "sampleBlocks": [],
                                "notInUseItems": [
                                    {
                                        "keyId": "95e71803-505e-443e-8a47-ae111d41b57b",
                                        "nestedLabel": "consignee"
                                    }
                                ],
                                "cell_range_permission": "Capture by Sheet Names"
                            },
                            "table": [
                                {
                                    "table_id": 0,
                                    "table_name": "Main Table",
                                    "table_unique_id": "7dc09b74-881b-4369-b096-0978e2e2673f",
                                    "table_definition_data": {
                                        "models": {
                                            "open": "",
                                            "type": "",
                                            "close": "",
                                            "gLAction": "",
                                            "patterns": "",
                                            "posCheck": "true",
                                            "tableEnd": null,
                                            "endingSep": "",
                                            "InsertType": "None",
                                            "shapeCheck": "true",
                                            "tableStart": null,
                                            "keyValtoCol": "true",
                                            "allowMerging": "false",
                                            "headerTrigger": "",
                                            "lineThreshold": "20",
                                            "chunkThreshold": "20",
                                            "tableThreshold": "20",
                                            "extraChunkSpace": "0"
                                        },
                                        "columns": [
                                            {
                                                "shape": "",
                                                "endPos": "0",
                                                "colName": "None",
                                                "colLabel": "notInUse",
                                                "location": "",
                                                "startPos": "0",
                                                "keyValToCol": "false",
                                                "qualifierValue": ""
                                            }
                                        ]
                                    }
                                }
                            ]
                        },
                        "prod": {
                            "key": {
                                "items": [
                                    {
                                        "id": "e9be2eae-3649-4861-8993-62aa88848672",
                                        "type": "anchors",
                                        "shape": "",
                                        "endPos": "",
                                        "pageId": "",
                                        "topPos": "",
                                        "keyLabel": "references",
                                        "selector": false,
                                        "startPos": "",
                                        "typeData": {},
                                        "bottomPos": "",
                                        "pageIndex": "",
                                        "anchorShapes": {
                                            "top": {
                                                "pos": "1233,75,1501,100",
                                                "text": "INV NUMBER",
                                                "pageIndex": 0,
                                                "threshold": null,
                                                "documentIndex": 0
                                            },
                                            "left": {
                                                "pos": "1233,75,1501,100",
                                                "text": "INV NUMBER",
                                                "pageIndex": 0,
                                                "threshold": "-300",
                                                "documentIndex": 0
                                            },
                                            "right": {
                                                "pos": "1233,75,1501,100",
                                                "text": "INV NUMBER",
                                                "pageIndex": 0,
                                                "threshold": "250",
                                                "documentIndex": 0
                                            },
                                            "bottom": {
                                                "pos": "1231,227,1481,250",
                                                "text": "ORD NUMBER",
                                                "pageIndex": 0,
                                                "threshold": null,
                                                "documentIndex": 0
                                            }
                                        },
                                        "compoundItems": [],
                                        "isCompoundKey": false,
                                        "isCompoundItem": false,
                                        "qualifierValue": "SRN",
                                        "regexExtractor": null,
                                        "advanceSettings": {
                                            "groupMultiple": false,
                                            "groupMultipleSeparator": ","
                                        },
                                        "extractMultiple": false,
                                        "removeDuplicates": false,
                                        "singleColumnExtractor": null
                                    },
                                    {
                                        "id": "ffdb6480-d1b6-4a79-ad7b-c448f6e39b82",
                                        "type": "regexExtractor",
                                        "shape": "",
                                        "endPos": "",
                                        "pageId": "",
                                        "topPos": "",
                                        "keyLabel": "references",
                                        "selector": false,
                                        "startPos": "",
                                        "typeData": {},
                                        "bottomPos": "",
                                        "pageIndex": "",
                                        "anchorShapes": null,
                                        "compoundItems": [],
                                        "isCompoundKey": false,
                                        "isCompoundItem": false,
                                        "qualifierValue": "CLT",
                                        "regexExtractor": {
                                            "anchors": {
                                                "top": {
                                                    "pos": "1233,75,1501,100",
                                                    "text": "INV NUMBER",
                                                    "pageIndex": 0,
                                                    "threshold": null,
                                                    "documentIndex": 0
                                                },
                                                "bottom": {
                                                    "pos": "1231,227,1481,250",
                                                    "text": "ORD NUMBER",
                                                    "pageIndex": 0,
                                                    "threshold": null,
                                                    "documentIndex": 0
                                                }
                                            },
                                            "patterns": [
                                                "\\d{9}[A-Z]{2}$"
                                            ]
                                        },
                                        "advanceSettings": {
                                            "groupMultiple": false,
                                            "groupMultipleSeparator": ","
                                        },
                                        "extractMultiple": false,
                                        "removeDuplicates": false,
                                        "singleColumnExtractor": null
                                    },
                                    {
                                        "id": "8fde55ce-a29a-455e-bf67-21bc1d211977",
                                        "type": "anchors",
                                        "shape": "",
                                        "endPos": "",
                                        "pageId": "",
                                        "topPos": "",
                                        "keyLabel": "references",
                                        "selector": false,
                                        "startPos": "",
                                        "typeData": {},
                                        "bottomPos": "",
                                        "pageIndex": "",
                                        "anchorShapes": {
                                            "top": {
                                                "pos": "1231,227,1481,250",
                                                "text": "ORD NUMBER",
                                                "pageIndex": 0,
                                                "threshold": null,
                                                "documentIndex": 0
                                            },
                                            "left": {
                                                "pos": "1231,227,1481,250",
                                                "text": "ORD NUMBER",
                                                "pageIndex": 0,
                                                "threshold": "-300",
                                                "documentIndex": 0
                                            },
                                            "right": {
                                                "pos": "1231,227,1481,250",
                                                "text": "ORD NUMBER",
                                                "pageIndex": 0,
                                                "threshold": "250",
                                                "documentIndex": 0
                                            },
                                            "bottom": {
                                                "pos": "1232,377,1527,400",
                                                "text": "CARRIER NAME",
                                                "pageIndex": 0,
                                                "threshold": null,
                                                "documentIndex": 0
                                            }
                                        },
                                        "compoundItems": [],
                                        "isCompoundKey": false,
                                        "isCompoundItem": false,
                                        "qualifierValue": "PON",
                                        "regexExtractor": null,
                                        "advanceSettings": {
                                            "groupMultiple": false,
                                            "groupMultipleSeparator": ","
                                        },
                                        "extractMultiple": false,
                                        "removeDuplicates": false,
                                        "singleColumnExtractor": null
                                    },
                                    {
                                        "id": "95e71803-505e-443e-8a47-ae111d41b57b",
                                        "type": "anchors",
                                        "shape": "",
                                        "endPos": "",
                                        "pageId": "",
                                        "topPos": "",
                                        "keyLabel": "consignee",
                                        "selector": false,
                                        "startPos": "",
                                        "typeData": {},
                                        "bottomPos": "",
                                        "pageIndex": "",
                                        "anchorShapes": {
                                            "top": {
                                                "pos": "31,470,217,500",
                                                "text": "SHIP TO :",
                                                "pageIndex": 0,
                                                "threshold": "-50",
                                                "documentIndex": 0
                                            },
                                            "left": {
                                                "pos": "31,470,217,500",
                                                "text": "SHIP TO :",
                                                "pageIndex": 0,
                                                "threshold": "25",
                                                "documentIndex": 0
                                            },
                                            "right": {
                                                "pos": "1230,525,1580,550",
                                                "text": "BILL of LADING",
                                                "pageIndex": 0,
                                                "threshold": "-50",
                                                "documentIndex": 0
                                            },
                                            "bottom": {
                                                "pos": "32,820,213,850",
                                                "text": "BILL TO :",
                                                "pageIndex": 0,
                                                "threshold": null,
                                                "documentIndex": 0
                                            }
                                        },
                                        "compoundItems": [],
                                        "isCompoundKey": false,
                                        "isCompoundItem": false,
                                        "qualifierValue": "",
                                        "regexExtractor": null,
                                        "advanceSettings": {},
                                        "extractMultiple": false,
                                        "removeDuplicates": false,
                                        "singleColumnExtractor": null
                                    },
                                    {
                                        "id": "96a2d022-33c9-4848-bbac-bf9fafc70ef1",
                                        "type": "static",
                                        "shape": "ORD",
                                        "endPos": "",
                                        "pageId": "",
                                        "topPos": "",
                                        "keyLabel": "shipmentBranchCode",
                                        "selector": false,
                                        "startPos": "",
                                        "typeData": {},
                                        "bottomPos": "",
                                        "pageIndex": "",
                                        "anchorShapes": null,
                                        "compoundItems": [],
                                        "isCompoundKey": false,
                                        "isCompoundItem": false,
                                        "qualifierValue": "",
                                        "regexExtractor": null,
                                        "advanceSettings": {},
                                        "extractMultiple": false,
                                        "removeDuplicates": false,
                                        "singleColumnExtractor": null
                                    },
                                    {
                                        "id": "052768d8-cfa0-42a1-8ca7-f04efe946a9c",
                                        "type": "static",
                                        "shape": "SEA",
                                        "endPos": "",
                                        "pageId": "",
                                        "topPos": "",
                                        "keyLabel": "modeOfTransport",
                                        "selector": false,
                                        "startPos": "",
                                        "typeData": {},
                                        "bottomPos": "",
                                        "pageIndex": "",
                                        "anchorShapes": null,
                                        "compoundItems": [],
                                        "isCompoundKey": false,
                                        "isCompoundItem": false,
                                        "qualifierValue": "",
                                        "regexExtractor": null,
                                        "advanceSettings": {},
                                        "extractMultiple": false,
                                        "removeDuplicates": false,
                                        "singleColumnExtractor": null
                                    },
                                    {
                                        "id": "32d766a4-d3c8-427d-b857-ca47fca0a978",
                                        "type": "static",
                                        "shape": "FCL",
                                        "endPos": "",
                                        "pageId": "",
                                        "topPos": "",
                                        "keyLabel": "shipmentType",
                                        "selector": false,
                                        "startPos": "",
                                        "typeData": {},
                                        "bottomPos": "",
                                        "pageIndex": "",
                                        "anchorShapes": null,
                                        "compoundItems": [],
                                        "isCompoundKey": false,
                                        "isCompoundItem": false,
                                        "qualifierValue": "",
                                        "regexExtractor": null,
                                        "advanceSettings": {},
                                        "extractMultiple": false,
                                        "removeDuplicates": false,
                                        "singleColumnExtractor": null
                                    },
                                    {
                                        "id": "25aff5db-318f-49cb-9588-17693edc78fb",
                                        "type": "static",
                                        "shape": "US",
                                        "endPos": "",
                                        "pageId": "",
                                        "topPos": "",
                                        "keyLabel": "originCountryCode",
                                        "selector": false,
                                        "startPos": "",
                                        "typeData": {},
                                        "bottomPos": "",
                                        "pageIndex": "",
                                        "anchorShapes": null,
                                        "compoundItems": [],
                                        "isCompoundKey": false,
                                        "isCompoundItem": false,
                                        "qualifierValue": "",
                                        "regexExtractor": null,
                                        "advanceSettings": {},
                                        "extractMultiple": false,
                                        "removeDuplicates": false,
                                        "singleColumnExtractor": null
                                    },
                                    {
                                        "id": "d2cc52eb-31d5-40b4-ae38-5da5db5c021f",
                                        "type": "static",
                                        "shape": "USORD",
                                        "endPos": "",
                                        "pageId": "",
                                        "topPos": "",
                                        "keyLabel": "originLocationCode",
                                        "selector": false,
                                        "startPos": "",
                                        "typeData": {},
                                        "bottomPos": "",
                                        "pageIndex": "",
                                        "anchorShapes": null,
                                        "compoundItems": [],
                                        "isCompoundKey": false,
                                        "isCompoundItem": false,
                                        "qualifierValue": "",
                                        "regexExtractor": null,
                                        "advanceSettings": {},
                                        "extractMultiple": false,
                                        "removeDuplicates": false,
                                        "singleColumnExtractor": null
                                    }
                                ],
                                "models": [],
                                "ruleItems": [],
                                "lookupItems": [
                                    {
                                        "keyId": "95e71803-505e-443e-8a47-ae111d41b57b",
                                        "queries": [
                                            {
                                                "sql": "SELECT * FROM \"TEMPLATE_MASTER\" WHERE \"PROFILE_NAME\" = '<I>US_KELLOGG_ORD_SEA_ShipmentCreate</I>' AND UTL_MATCH.JARO_WINKLER_SIMILARITY(LOWER(NOTES), LOWER('<K>consignee.city</K>')) > 93",
                                                "group": {
                                                    "items": [
                                                        {
                                                            "data": {
                                                                "value": "US_KELLOGG_ORD_SEA_ShipmentCreate",
                                                                "column": "PROFILE_NAME",
                                                                "operator": "=",
                                                                "valueType": "input"
                                                            },
                                                            "type": "rule"
                                                        },
                                                        {
                                                            "data": {
                                                                "value": "<K>consignee.city</K>",
                                                                "column": "NOTES",
                                                                "operator": "FUZZY MATCH",
                                                                "valueType": "key"
                                                            },
                                                            "type": "rule"
                                                        }
                                                    ],
                                                    "operator": "AND"
                                                },
                                                "table": "TEMPLATE_MASTER"
                                            }
                                        ],
                                        "nestedLabel": "consignee.city"
                                    }
                                ],
                                "notInUseItems": [
                                    {
                                        "keyId": "95e71803-505e-443e-8a47-ae111d41b57b",
                                        "nestedLabel": "consignee"
                                    }
                                ]
                            },
                            "table": [
                                {
                                    "table_id": 0,
                                    "table_name": "Main Table",
                                    "table_unique_id": "7dc09b74-881b-4369-b096-0978e2e2673f",
                                    "table_definition_data": {
                                        "models": {
                                            "open": "",
                                            "type": "",
                                            "close": "",
                                            "gLAction": "",
                                            "patterns": "",
                                            "posCheck": "true",
                                            "tableEnd": null,
                                            "endingSep": "",
                                            "InsertType": "None",
                                            "shapeCheck": "true",
                                            "tableStart": null,
                                            "keyValtoCol": "true",
                                            "allowMerging": "false",
                                            "headerTrigger": "",
                                            "lineThreshold": "20",
                                            "chunkThreshold": "20",
                                            "tableThreshold": "20",
                                            "extraChunkSpace": "0"
                                        },
                                        "columns": [
                                            {
                                                "shape": "",
                                                "endPos": "0",
                                                "colName": "None",
                                                "colLabel": "notInUse",
                                                "location": "",
                                                "startPos": "0",
                                                "keyValToCol": "false",
                                                "qualifierValue": ""
                                            }
                                        ]
                                    }
                                }
                            ]
                        },
                        "draft": {
                            "key": {
                                "items": [
                                    {
                                        "id": "e9be2eae-3649-4861-8993-62aa88848672",
                                        "type": "anchors",
                                        "shape": "",
                                        "endPos": "",
                                        "export": false,
                                        "pageId": "",
                                        "topPos": "",
                                        "keyLabel": "references",
                                        "selector": false,
                                        "startPos": "",
                                        "typeData": {},
                                        "bottomPos": "",
                                        "pageIndex": "",
                                        "anchorShapes": {
                                            "top": {
                                                "pos": "1233,75,1501,100",
                                                "text": "INV NUMBER",
                                                "pageIndex": 0,
                                                "threshold": null,
                                                "documentIndex": 0
                                            },
                                            "left": {
                                                "pos": "1233,75,1501,100",
                                                "text": "INV NUMBER",
                                                "pageIndex": 0,
                                                "threshold": "-300",
                                                "documentIndex": 0
                                            },
                                            "right": {
                                                "pos": "1233,75,1501,100",
                                                "text": "INV NUMBER",
                                                "pageIndex": 0,
                                                "threshold": "250",
                                                "documentIndex": 0
                                            },
                                            "bottom": {
                                                "pos": "1231,227,1481,250",
                                                "text": "ORD NUMBER",
                                                "pageIndex": 0,
                                                "threshold": null,
                                                "documentIndex": 0
                                            }
                                        },
                                        "compoundItems": [],
                                        "isCompoundKey": false,
                                        "isCompoundItem": false,
                                        "qualifierValue": "SRN",
                                        "regexExtractor": null,
                                        "advanceSettings": {
                                            "mergeValue": false,
                                            "groupMultiple": false,
                                            "mergeValueSeparator": ",",
                                            "groupMultipleSeparator": ","
                                        },
                                        "extractMultiple": false,
                                        "removeDuplicates": false,
                                        "excelRegexExtractor": null,
                                        "singleColumnExtractor": null
                                    },
                                    {
                                        "id": "ffdb6480-d1b6-4a79-ad7b-c448f6e39b82",
                                        "type": "regexExtractor",
                                        "shape": "",
                                        "endPos": "",
                                        "export": false,
                                        "pageId": "",
                                        "topPos": "",
                                        "keyLabel": "references",
                                        "selector": false,
                                        "startPos": "",
                                        "typeData": {},
                                        "bottomPos": "",
                                        "pageIndex": "",
                                        "anchorShapes": null,
                                        "compoundItems": [],
                                        "isCompoundKey": false,
                                        "isCompoundItem": false,
                                        "qualifierValue": "CLT",
                                        "regexExtractor": {
                                            "anchors": {
                                                "top": {
                                                    "pos": "1233,75,1501,100",
                                                    "text": "INV NUMBER",
                                                    "pageIndex": 0,
                                                    "threshold": null,
                                                    "documentIndex": 0
                                                },
                                                "bottom": {
                                                    "pos": "1231,227,1481,250",
                                                    "text": "ORD NUMBER",
                                                    "pageIndex": 0,
                                                    "threshold": null,
                                                    "documentIndex": 0
                                                }
                                            },
                                            "patterns": [
                                                "\\d{9}[A-Z]{2}$"
                                            ]
                                        },
                                        "advanceSettings": {
                                            "mergeValue": false,
                                            "groupMultiple": false,
                                            "mergeValueSeparator": ",",
                                            "groupMultipleSeparator": ","
                                        },
                                        "extractMultiple": false,
                                        "removeDuplicates": false,
                                        "excelRegexExtractor": null,
                                        "singleColumnExtractor": null
                                    },
                                    {
                                        "id": "8fde55ce-a29a-455e-bf67-21bc1d211977",
                                        "type": "anchors",
                                        "shape": "",
                                        "endPos": "",
                                        "export": false,
                                        "pageId": "",
                                        "topPos": "",
                                        "keyLabel": "references",
                                        "selector": false,
                                        "startPos": "",
                                        "typeData": {},
                                        "bottomPos": "",
                                        "pageIndex": "",
                                        "anchorShapes": {
                                            "top": {
                                                "pos": "1231,227,1481,250",
                                                "text": "ORD NUMBER",
                                                "pageIndex": 0,
                                                "threshold": null,
                                                "documentIndex": 0
                                            },
                                            "left": {
                                                "pos": "1231,227,1481,250",
                                                "text": "ORD NUMBER",
                                                "pageIndex": 0,
                                                "threshold": "-300",
                                                "documentIndex": 0
                                            },
                                            "right": {
                                                "pos": "1231,227,1481,250",
                                                "text": "ORD NUMBER",
                                                "pageIndex": 0,
                                                "threshold": "250",
                                                "documentIndex": 0
                                            },
                                            "bottom": {
                                                "pos": "1232,377,1527,400",
                                                "text": "CARRIER NAME",
                                                "pageIndex": 0,
                                                "threshold": null,
                                                "documentIndex": 0
                                            }
                                        },
                                        "compoundItems": [],
                                        "isCompoundKey": false,
                                        "isCompoundItem": false,
                                        "qualifierValue": "PON",
                                        "regexExtractor": null,
                                        "advanceSettings": {
                                            "mergeValue": false,
                                            "groupMultiple": false,
                                            "mergeValueSeparator": ",",
                                            "groupMultipleSeparator": ","
                                        },
                                        "extractMultiple": false,
                                        "removeDuplicates": false,
                                        "excelRegexExtractor": null,
                                        "singleColumnExtractor": null
                                    },
                                    {
                                        "id": "95e71803-505e-443e-8a47-ae111d41b57b",
                                        "type": "anchors",
                                        "shape": "",
                                        "endPos": "",
                                        "export": false,
                                        "pageId": "",
                                        "topPos": "",
                                        "keyLabel": "consignee",
                                        "selector": false,
                                        "startPos": "",
                                        "typeData": {},
                                        "bottomPos": "",
                                        "pageIndex": "",
                                        "anchorShapes": {
                                            "top": {
                                                "pos": "31,470,217,500",
                                                "text": "SHIP TO :",
                                                "pageIndex": 0,
                                                "threshold": "-50",
                                                "documentIndex": 0
                                            },
                                            "left": {
                                                "pos": "31,470,217,500",
                                                "text": "SHIP TO :",
                                                "pageIndex": 0,
                                                "threshold": "25",
                                                "documentIndex": 0
                                            },
                                            "right": {
                                                "pos": "1230,525,1580,550",
                                                "text": "BILL of LADING",
                                                "pageIndex": 0,
                                                "threshold": "-50",
                                                "documentIndex": 0
                                            },
                                            "bottom": {
                                                "pos": "32,820,213,850",
                                                "text": "BILL TO :",
                                                "pageIndex": 0,
                                                "threshold": null,
                                                "documentIndex": 0
                                            }
                                        },
                                        "compoundItems": [],
                                        "isCompoundKey": false,
                                        "isCompoundItem": false,
                                        "qualifierValue": "",
                                        "regexExtractor": null,
                                        "advanceSettings": {},
                                        "extractMultiple": false,
                                        "removeDuplicates": false,
                                        "excelRegexExtractor": null,
                                        "singleColumnExtractor": null
                                    },
                                    {
                                        "id": "96a2d022-33c9-4848-bbac-bf9fafc70ef1",
                                        "type": "static",
                                        "shape": "ORD",
                                        "endPos": "",
                                        "export": false,
                                        "pageId": "",
                                        "topPos": "",
                                        "keyLabel": "shipmentBranchCode",
                                        "selector": false,
                                        "startPos": "",
                                        "typeData": {},
                                        "bottomPos": "",
                                        "pageIndex": "",
                                        "anchorShapes": null,
                                        "compoundItems": [],
                                        "isCompoundKey": false,
                                        "isCompoundItem": false,
                                        "qualifierValue": "",
                                        "regexExtractor": null,
                                        "advanceSettings": {},
                                        "extractMultiple": false,
                                        "removeDuplicates": false,
                                        "excelRegexExtractor": null,
                                        "singleColumnExtractor": null
                                    },
                                    {
                                        "id": "052768d8-cfa0-42a1-8ca7-f04efe946a9c",
                                        "type": "static",
                                        "shape": "SEA",
                                        "endPos": "",
                                        "export": false,
                                        "pageId": "",
                                        "topPos": "",
                                        "keyLabel": "modeOfTransport",
                                        "selector": false,
                                        "startPos": "",
                                        "typeData": {},
                                        "bottomPos": "",
                                        "pageIndex": "",
                                        "anchorShapes": null,
                                        "compoundItems": [],
                                        "isCompoundKey": false,
                                        "isCompoundItem": false,
                                        "qualifierValue": "",
                                        "regexExtractor": null,
                                        "advanceSettings": {},
                                        "extractMultiple": false,
                                        "removeDuplicates": false,
                                        "excelRegexExtractor": null,
                                        "singleColumnExtractor": null
                                    },
                                    {
                                        "id": "32d766a4-d3c8-427d-b857-ca47fca0a978",
                                        "type": "static",
                                        "shape": "FCL",
                                        "endPos": "",
                                        "export": false,
                                        "pageId": "",
                                        "topPos": "",
                                        "keyLabel": "shipmentType",
                                        "selector": false,
                                        "startPos": "",
                                        "typeData": {},
                                        "bottomPos": "",
                                        "pageIndex": "",
                                        "anchorShapes": null,
                                        "compoundItems": [],
                                        "isCompoundKey": false,
                                        "isCompoundItem": false,
                                        "qualifierValue": "",
                                        "regexExtractor": null,
                                        "advanceSettings": {},
                                        "extractMultiple": false,
                                        "removeDuplicates": false,
                                        "excelRegexExtractor": null,
                                        "singleColumnExtractor": null
                                    },
                                    {
                                        "id": "25aff5db-318f-49cb-9588-17693edc78fb",
                                        "type": "static",
                                        "shape": "US",
                                        "endPos": "",
                                        "export": false,
                                        "pageId": "",
                                        "topPos": "",
                                        "keyLabel": "originCountryCode",
                                        "selector": false,
                                        "startPos": "",
                                        "typeData": {},
                                        "bottomPos": "",
                                        "pageIndex": "",
                                        "anchorShapes": null,
                                        "compoundItems": [],
                                        "isCompoundKey": false,
                                        "isCompoundItem": false,
                                        "qualifierValue": "",
                                        "regexExtractor": null,
                                        "advanceSettings": {},
                                        "extractMultiple": false,
                                        "removeDuplicates": false,
                                        "excelRegexExtractor": null,
                                        "singleColumnExtractor": null
                                    },
                                    {
                                        "id": "d2cc52eb-31d5-40b4-ae38-5da5db5c021f",
                                        "type": "static",
                                        "shape": "USORD",
                                        "endPos": "",
                                        "export": false,
                                        "pageId": "",
                                        "topPos": "",
                                        "keyLabel": "originLocationCode",
                                        "selector": false,
                                        "startPos": "",
                                        "typeData": {},
                                        "bottomPos": "",
                                        "pageIndex": "",
                                        "anchorShapes": null,
                                        "compoundItems": [],
                                        "isCompoundKey": false,
                                        "isCompoundItem": false,
                                        "qualifierValue": "",
                                        "regexExtractor": null,
                                        "advanceSettings": {},
                                        "extractMultiple": false,
                                        "removeDuplicates": false,
                                        "excelRegexExtractor": null,
                                        "singleColumnExtractor": null
                                    }
                                ],
                                "models": [],
                                "ruleItems": [],
                                "lookupItems": [
                                    {
                                        "keyId": "95e71803-505e-443e-8a47-ae111d41b57b",
                                        "queries": [
                                            {
                                                "sql": "SELECT * FROM \"TEMPLATE_MASTER\" WHERE \"PROFILE_NAME\" = '<I>US_KELLOGG_ORD_SEA_ShipmentCreate</I>'",
                                                "group": {
                                                    "items": [
                                                        {
                                                            "data": {
                                                                "value": "US_KELLOGG_ORD_SEA_ShipmentCreate",
                                                                "column": "PROFILE_NAME",
                                                                "operator": "=",
                                                                "valueType": "input"
                                                            },
                                                            "type": "rule"
                                                        }
                                                    ],
                                                    "operator": "AND"
                                                },
                                                "table": "TEMPLATE_MASTER"
                                            }
                                        ],
                                        "nestedLabel": "consignee.city"
                                    },
                                    {
                                        "keyId": "95e71803-505e-443e-8a47-ae111d41b57b",
                                        "queries": [
                                            {
                                                "sql": "SELECT * FROM \"CONSIGNEE_MASTER\" WHERE \"PROFILE_NAME\" = '<I>US_KELLOGG_ORD_SEA_ShipmentCreate</I>' AND UTL_MATCH.JARO_WINKLER_SIMILARITY(LOWER(CONSIGNEENAME), LOWER('<K>consignee.name</K>')) > 93",
                                                "group": {
                                                    "items": [
                                                        {
                                                            "data": {
                                                                "value": "US_KELLOGG_ORD_SEA_ShipmentCreate",
                                                                "column": "PROFILE_NAME",
                                                                "operator": "=",
                                                                "valueType": "input"
                                                            },
                                                            "type": "rule"
                                                        },
                                                        {
                                                            "data": {
                                                                "value": "<K>consignee.name</K>",
                                                                "column": "CONSIGNEENAME",
                                                                "operator": "FUZZY MATCH",
                                                                "valueType": "key"
                                                            },
                                                            "type": "rule"
                                                        }
                                                    ],
                                                    "operator": "AND"
                                                },
                                                "table": "CONSIGNEE_MASTER",
                                                "additionalKeys": {
                                                    "items": []
                                                }
                                            }
                                        ],
                                        "nestedLabel": "consignee.name"
                                    },
                                    {
                                        "keyId": "d2cc52eb-31d5-40b4-ae38-5da5db5c021f",
                                        "queries": [
                                            {
                                                "sql": "SELECT * FROM \"TEMPLATE_MASTER\" WHERE \"PROFILE_NAME\" = '<I>US_KELLOGG_ORD_SEA_ShipmentCreate</I>'",
                                                "group": {
                                                    "items": [
                                                        {
                                                            "data": {
                                                                "value": "US_KELLOGG_ORD_SEA_ShipmentCreate",
                                                                "column": "PROFILE_NAME",
                                                                "operator": "=",
                                                                "valueType": "input"
                                                            },
                                                            "type": "rule"
                                                        }
                                                    ],
                                                    "operator": "AND"
                                                },
                                                "table": "TEMPLATE_MASTER",
                                                "additionalKeys": {
                                                    "items": []
                                                }
                                            }
                                        ],
                                        "nestedLabel": "originLocationCode"
                                    }
                                ],
                                "sampleBlocks": [],
                                "notInUseItems": [],
                                "cell_range_permission": "Capture by Sheet Names"
                            },
                            "table": [
                                {
                                    "table_id": 0,
                                    "table_name": "Main Table",
                                    "table_unique_id": "7dc09b74-881b-4369-b096-0978e2e2673f",
                                    "table_definition_data": {
                                        "models": {
                                            "open": "",
                                            "type": "",
                                            "close": "",
                                            "gLAction": "",
                                            "patterns": "",
                                            "posCheck": "true",
                                            "tableEnd": null,
                                            "endingSep": "",
                                            "InsertType": "None",
                                            "shapeCheck": "true",
                                            "tableStart": null,
                                            "keyValtoCol": "true",
                                            "allowMerging": "false",
                                            "headerTrigger": "",
                                            "lineThreshold": "20",
                                            "chunkThreshold": "20",
                                            "tableThreshold": "20",
                                            "extraChunkSpace": "0"
                                        },
                                        "columns": [
                                            {
                                                "shape": "",
                                                "endPos": "0",
                                                "colName": "None",
                                                "colLabel": "notInUse",
                                                "location": "",
                                                "startPos": "0",
                                                "keyValToCol": "false",
                                                "qualifierValue": ""
                                            }
                                        ]
                                    }
                                }
                            ]
                        }
                    }
                }
            }
        ],
        "name": "US_KELLOGG_ORD_SEA_ShipmentCreate",
        "country": "US",
        "customer_name": "KELLOGG_ORD",
        "mode_of_transport": "SEA",
        "project": "ShipmentCreate",
        "manual_validation": false,
        "multi_shipment": false,
        "send_time_stamp": false,
        "automatic_splitting": false,
        "ignore_dense_pages": false,
        "exceptional_excel": false,
        "is_sent_profile": false,
        "email_domains": "@dhl.com,@kellanova.com",
        "email_from": null,
        "email_subject_match_option": "StartsWith",
        "email_subject_match_text": "US OFR KELLOGG ORD",
        "success_notification_with_same_subject": true,
        "success_notification_subject": null,
        "success_notify_email_sender": true,
        "success_notify_email_recipients": true,
        "success_notify_cc_users": true,
        "success_notify_additional_emails": "CIS_USA_ICAP_NOTIFICATIONS@dhl.com",
        "failure_notification_with_same_subject": true,
        "failure_notification_subject": null,
        "failure_notify_email_sender": true,
        "failure_notify_email_recipients": true,
        "failure_notify_cc_users": true,
        "failure_notify_additional_emails": "CIS_USA_ICAP_NOTIFICATIONS@dhl.com",
        "created_at": "2025-07-25T18:10:13.910782Z",
        "updated_at": "2025-07-25T18:10:13.910796Z"
    }
]