<B id="AS20250723.005404">
	<V n="STATUS">0</V>
	<V n="aidbServerIP">None</V>
	<V n="bvFilePath">/batches/email-batches/20250723.04246/extraction/attachments/90118582 -4507888420.pdf</V>
	<V n="bvSelectedDocTypes">None</V>
	<V n="bvBatchType">Process</V>
	<V n="bvICapProfile">US_KELLOGG_ORD_SEA_ShipmentCreate</V>
	<V n="bvCustomer">KELLOGG_ORD</V>
	<V n="bvDocumentType">Commercial Invoice</V>
	<V n="bvNameMatchingText" />
	<V n="bvLanguage">English</V>
	<V n="bvOCR">S</V>
	<V n="bvPageRotate">N</V>
	<V n="bvBarcodeRead">N</V>
	<V n="bvProjectName">ShipmentCreate</V>
	<V n="TYPE">AIDBSERVICE</V>
	<V n="bvAIDBProfile">noAIDBprofile</V>
	<V n="Customer">KELLOGG_ORD</V>
	<V n="DocType">None</V>
	<D id="AS20250723.005404.01">
		<V n="TYPE">GenericDocument</V>
		<V n="STATUS">0</V>
		<V n="Customer">KELLOGG_ORD</V>
		<V n="DocumentType">None</V>
		<V n="EXT">.pdf</V>
		<P id="TM000002">
			<V n="TYPE">GenericDoc</V>
			<V n="STATUS">49</V>
			<V n="IMAGEFILE">tm000002.tif</V>
			<V n="ParentImage">tm000001.pdf</V>
			<V n="ScanSrcPath" />
			<V n="OCRSLang">0</V>
			<V n="s_lg">0</V>
			<V n="y_AutoRotate">false</V>
			<V n="s_srbatchdir">\\prg-dc.dhl.com\czcho\BS04343\dgfdoscan\DC9\Datacap\AIDBSERVICE\batches\AS20250723.005404</V>
			<V n="RecogStatus">0</V>
			<V n="layout">TM000002_layout.xml</V>
			<V n="NewSourceDoc">True</V>
			<V n="EXT">.pdf</V>
			<V n="DATAFILE">tm000002.xml</V>
		</P>
	</D>
</B>