{
    "id": "AS20250723.U005404",
    "project": "ShipmentCreate",
    "definition_id": "US_KELLOGG_ORD_SEA_ShipmentCreate",
    "vendor": "KELLOGG_ORD",
    "type": "Commercial Invoice",
    "name_matching_text": "",
    "mode": "processing",
    "extension": ".pdf",
    "sub_path": "email-batches/20250723.U04246/linked_batches",
    "data_json": {
        "id": "AS20250723.U005404",
        "TYPE": "AIDBSERVICE",
        "bvOCR": "S",
        "nodes": [
            {
                "id": "AS20250723.U005404.01",
                "ext": ".pdf",
                "type": "document",
                "Vendor": "KELLOGG_ORD",
                "DocType": "Commercial Invoice",
                "Project": "ShipmentCreate",
                "Language": "English",
                "children": [
                    {
                        "id": "AS20250723.U005404.01.001",
                        "pos": "",
                        "type": "blocks",
                        "STATUS": "0",
                        "pageId": "",
                        "children": [
                            {
                                "id": "AS20250723.U005404.01.001.001",
                                "pos": "1563,75,2167,326",
                                "text": "INV DATE 1061347953LA\n07/28/2025\nINV DATE I P. O. NUMBER",
                                "type": "keyText",
                                "title": "Other block",
                                "STATUS": 0,
                                "pageId": "TM000002",
                                "keyText": "",
                                "key_val_data": [
                                    {
                                        "pos": "1563,77,2102,326",
                                        "pair": {
                                            "INV DATE": "1061347953LA\n07/28/2025"
                                        }
                                    },
                                    {
                                        "pos": "1563,75,2167,101",
                                        "pair": {
                                            "INV DATE": "I P. O. NUMBER"
                                        }
                                    }
                                ],
                                "type_detected": "idx_val_type_3"
                            },
                            {
                                "id": "AS20250723.U005404.01.001.002",
                                "pos": "1232,75,1758,100",
                                "text": "INV NUMBER I INV DATE",
                                "type": "keyText",
                                "title": "Other block",
                                "STATUS": 0,
                                "pageId": "TM000002",
                                "keyText": "",
                                "key_val_data": [
                                    {
                                        "pos": "1232,75,1758,100",
                                        "pair": {
                                            "INV NUMBER I": "INV DATE"
                                        }
                                    }
                                ],
                                "type_detected": "idx_val_type_3"
                            },
                            {
                                "id": "AS20250723.U005404.01.001.003",
                                "pos": "1232,145,1411,176",
                                "text": "90118582",
                                "type": "keyText",
                                "title": "Other block",
                                "STATUS": 0,
                                "pageId": "TM000002",
                                "keyText": "",
                                "type_detected": "Other"
                            },
                            {
                                "id": "AS20250723.U005404.01.001.004",
                                "pos": "1497,145,1721,183",
                                "text": "107/03/2025",
                                "type": "keyText",
                                "title": "Other block",
                                "STATUS": 0,
                                "pageId": "TM000002",
                                "keyText": "",
                                "type_detected": "Other"
                            },
                            {
                                "id": "AS20250723.U005404.01.001.005",
                                "pos": "42,172,655,401",
                                "text": "KELLOGG CARIBBEAN, INC.\nONE KELLOGG SQUARE\nBATTLE CREEK, MI 49016-3599\nUSA\nTAX ID: 38-3115529",
                                "type": "keyText",
                                "title": "Other block",
                                "STATUS": 0,
                                "pageId": "TM000002",
                                "keyText": "",
                                "type_detected": "Other"
                            },
                            {
                                "id": "AS20250723.U005404.01.001.006",
                                "pos": "1231,225,2163,256",
                                "text": "ORD NUMBERI ORD DATE I REQ DEL DATE",
                                "type": "keyText",
                                "title": "Other block",
                                "STATUS": 0,
                                "pageId": "TM000002",
                                "keyText": "",
                                "type_detected": "Other"
                            },
                            {
                                "id": "AS20250723.U005404.01.001.007",
                                "pos": "1235,295,1411,326",
                                "text": "10522688",
                                "type": "keyText",
                                "title": "Other block",
                                "STATUS": 0,
                                "pageId": "TM000002",
                                "keyText": "",
                                "type_detected": "Other"
                            },
                            {
                                "id": "AS20250723.U005404.01.001.008",
                                "pos": "1497,295,1721,326",
                                "text": "I 06/13/2025",
                                "type": "keyText",
                                "title": "Other block",
                                "STATUS": 0,
                                "pageId": "TM000002",
                                "keyText": "",
                                "type_detected": "Other"
                            },
                            {
                                "id": "AS20250723.U005404.01.001.009",
                                "pos": "1231,375,2217,400",
                                "text": "CARRIER NAME I TRAILER NUMBER",
                                "type": "keyText",
                                "title": "Other block",
                                "STATUS": 0,
                                "pageId": "TM000002",
                                "keyText": "",
                                "key_val_data": [
                                    {
                                        "pos": "1231,375,2217,400",
                                        "pair": {
                                            "CARRIER NAME": "I TRAILER NUMBER"
                                        }
                                    }
                                ],
                                "type_detected": "idx_val_type_3"
                            },
                            {
                                "id": "AS20250723.U005404.01.001.010",
                                "pos": "1848,445,2087,475",
                                "text": "Not Available",
                                "type": "keyText",
                                "title": "Other block",
                                "STATUS": 0,
                                "pageId": "TM000002",
                                "keyText": "",
                                "type_detected": "Other"
                            },
                            {
                                "id": "AS20250723.U005404.01.001.011",
                                "pos": "32,470,217,551",
                                "text": "SHIP TO :\nK1415",
                                "type": "keyText",
                                "title": "Other block",
                                "STATUS": 0,
                                "pageId": "TM000002",
                                "keyText": "",
                                "type_detected": "Other"
                            },
                            {
                                "id": "AS20250723.U005404.01.001.012",
                                "pos": "301,470,741,608",
                                "text": "Kellogg Sales Company\nDSC Logistics, Inc.\n400 Nestle Way",
                                "type": "keyText",
                                "title": "Other block",
                                "STATUS": 0,
                                "pageId": "TM000002",
                                "keyText": "",
                                "type_detected": "Other"
                            },
                            {
                                "id": "AS20250723.U005404.01.001.013",
                                "pos": "1231,525,2090,550",
                                "text": "BILL of LADING I SHIP DATE",
                                "type": "keyText",
                                "title": "Other block",
                                "STATUS": 0,
                                "pageId": "TM000002",
                                "keyText": "",
                                "key_val_data": [
                                    {
                                        "pos": "1231,525,2090,550",
                                        "pair": {
                                            "BILL of LADING": "I SHIP DATE"
                                        }
                                    }
                                ],
                                "type_detected": "idx_val_type_3"
                            },
                            {
                                "id": "AS20250723.U005404.01.001.014",
                                "pos": "1232,595,2052,626",
                                "text": "Not Available 07/03/2025",
                                "type": "keyText",
                                "title": "Other block",
                                "STATUS": 0,
                                "pageId": "TM000002",
                                "keyText": "",
                                "key_val_data": [
                                    {
                                        "pos": "1232,595,2052,626",
                                        "pair": {
                                            "Not Available": "07/03/2025"
                                        }
                                    }
                                ],
                                "type_detected": "idx_val_type_2"
                            },
                            {
                                "id": "AS20250723.U005404.01.001.015",
                                "pos": "1231,651,1421,676",
                                "text": "BOOKING:",
                                "type": "keyText",
                                "title": "Other block",
                                "STATUS": 0,
                                "pageId": "TM000002",
                                "keyText": "",
                                "type_detected": "Other"
                            },
                            {
                                "id": "AS20250723.U005404.01.001.016",
                                "pos": "305,670,733,701",
                                "text": "18031 BREINIGSVILLE",
                                "type": "keyText",
                                "title": "Other block",
                                "STATUS": 0,
                                "pageId": "TM000002",
                                "keyText": "",
                                "type_detected": "Other"
                            },
                            {
                                "id": "AS20250723.U005404.01.001.017",
                                "pos": "1531,770,2342,801",
                                "text": "REMIT TO: KELLOGG SALES COMPANY",
                                "type": "keyText",
                                "title": "Other block",
                                "STATUS": 0,
                                "pageId": "TM000002",
                                "keyText": "",
                                "key_val_data": [
                                    {
                                        "pos": "1531,770,2342,801",
                                        "pair": {
                                            "REMIT TO": " KELLOGG SALES COMPANY"
                                        }
                                    }
                                ],
                                "type_detected": "idx_type_6_post"
                            },
                            {
                                "id": "AS20250723.U005404.01.001.018",
                                "pos": "32,820,805,1051",
                                "text": "BILL TO : KELLANOVA\nKBLR CIO KELLOGG SALES CO\nONE KELLOGG SQUARE\nBATTLE CREEK MI 49016",
                                "type": "keyText",
                                "title": "Other block",
                                "STATUS": 0,
                                "pageId": "TM000002",
                                "keyText": "",
                                "key_val_data": [
                                    {
                                        "pos": "32,820,545,851",
                                        "pair": {
                                            "BILL TO :": "KELLANOVA"
                                        }
                                    },
                                    {
                                        "pos": "32,870,805,1051",
                                        "pair": {
                                            "KBLR": "CIO KELLOGG SALES CO\nONE KELLOGG SQUARE\nBATTLE CREEK MI 49016"
                                        }
                                    }
                                ],
                                "type_detected": "idx_val_type_3"
                            },
                            {
                                "id": "AS20250723.U005404.01.001.019",
                                "pos": "1782,870,1952,901",
                                "text": "San Juan",
                                "type": "keyText",
                                "title": "Other block",
                                "STATUS": 0,
                                "pageId": "TM000002",
                                "keyText": "",
                                "type_detected": "Other"
                            },
                            {
                                "id": "AS20250723.U005404.01.001.020",
                                "pos": "1532,976,2402,1001",
                                "text": "TERMS OF SALE: NET DUE IMMEDIATELY",
                                "type": "keyText",
                                "title": "Other block",
                                "STATUS": 0,
                                "pageId": "TM000002",
                                "keyText": "",
                                "key_val_data": [
                                    {
                                        "pos": "1532,976,2402,1001",
                                        "pair": {
                                            "TERMS OF SALE:": "NET DUE IMMEDIATELY"
                                        }
                                    }
                                ],
                                "type_detected": "idx_val_type_1"
                            },
                            {
                                "id": "AS20250723.U005404.01.001.021",
                                "pos": "32,1123,827,1157",
                                "text": "1870 Rovira Biscuits Corporation",
                                "type": "keyText",
                                "title": "Other block",
                                "STATUS": 0,
                                "pageId": "TM000002",
                                "keyText": "",
                                "type_detected": "Other"
                            },
                            {
                                "id": "AS20250723.U005404.01.001.022",
                                "pos": "1781,1175,2275,1250",
                                "text": "GROSS ADJ\nAMOUNT AMOUNT",
                                "type": "keyText",
                                "title": "Other block",
                                "STATUS": 0,
                                "pageId": "TM000002",
                                "keyText": "",
                                "key_val_data": [
                                    {
                                        "pos": "1807,1175,2103,1201",
                                        "pair": {
                                            "GROSS": "ADJ"
                                        }
                                    },
                                    {
                                        "pos": "1781,1225,2275,1250",
                                        "pair": {
                                            "AMOUNT": "AMOUNT"
                                        }
                                    }
                                ],
                                "type_detected": "idx_val_type_3"
                            },
                            {
                                "id": "AS20250723.U005404.01.001.023",
                                "pos": "1647,1175,2103,1250",
                                "text": "PRICE GROSS\nAMOUNT\nPRICE ADJ",
                                "type": "keyText",
                                "title": "Other block",
                                "STATUS": 0,
                                "pageId": "TM000002",
                                "keyText": "",
                                "key_val_data": [
                                    {
                                        "pos": "1647,1175,1926,1250",
                                        "pair": {
                                            "PRICE": "GROSS\nAMOUNT"
                                        }
                                    },
                                    {
                                        "pos": "1647,1175,2103,1201",
                                        "pair": {
                                            "PRICE": "ADJ"
                                        }
                                    }
                                ],
                                "type_detected": "idx_val_type_3"
                            },
                            {
                                "id": "AS20250723.U005404.01.001.024",
                                "pos": "1510,1175,1926,1305",
                                "text": "KG/ 50.52 42,436.80\nGROSS\nAMOUNT\nKG/ PRICE",
                                "type": "keyText",
                                "title": "Other block",
                                "STATUS": 0,
                                "pageId": "TM000002",
                                "keyText": "",
                                "key_val_data": [
                                    {
                                        "pos": "1510,1175,1926,1305",
                                        "pair": {
                                            "KG/": "50.52 42,436.80\nGROSS\nAMOUNT"
                                        }
                                    },
                                    {
                                        "pos": "1510,1175,1746,1201",
                                        "pair": {
                                            "KG/": "PRICE"
                                        }
                                    }
                                ],
                                "type_detected": "idx_val_type_3"
                            },
                            {
                                "id": "AS20250723.U005404.01.001.025",
                                "pos": "1322,1175,1926,1250",
                                "text": "KG/ KG/\nNET AMOUNT",
                                "type": "keyText",
                                "title": "Other block",
                                "STATUS": 0,
                                "pageId": "TM000002",
                                "keyText": "",
                                "key_val_data": [
                                    {
                                        "pos": "1330,1175,1566,1201",
                                        "pair": {
                                            "KG/": "KG/"
                                        }
                                    },
                                    {
                                        "pos": "1322,1225,1926,1250",
                                        "pair": {
                                            "NET": "AMOUNT"
                                        }
                                    }
                                ],
                                "type_detected": "idx_val_type_3"
                            },
                            {
                                "id": "AS20250723.U005404.01.001.026",
                                "pos": "1131,1175,1386,1250",
                                "text": "QTY KG/\nUOM NET",
                                "type": "keyText",
                                "title": "Other block",
                                "STATUS": 0,
                                "pageId": "TM000002",
                                "keyText": "",
                                "key_val_data": [
                                    {
                                        "pos": "1138,1175,1386,1202",
                                        "pair": {
                                            "QTY": "KG/"
                                        }
                                    },
                                    {
                                        "pos": "1131,1225,1386,1250",
                                        "pair": {
                                            "UOM": "NET"
                                        }
                                    }
                                ],
                                "type_detected": "idx_val_type_3"
                            },
                            {
                                "id": "AS20250723.U005404.01.001.027",
                                "pos": "1010,1175,1206,1252",
                                "text": "ITEM QTY\nQTY UOM",
                                "type": "keyText",
                                "title": "Other block",
                                "STATUS": 0,
                                "pageId": "TM000002",
                                "keyText": "",
                                "key_val_data": [
                                    {
                                        "pos": "1010,1175,1206,1202",
                                        "pair": {
                                            "ITEM": "QTY"
                                        }
                                    },
                                    {
                                        "pos": "1010,1225,1203,1252",
                                        "pair": {
                                            "QTY": "UOM"
                                        }
                                    }
                                ],
                                "type_detected": "idx_val_type_3"
                            },
                            {
                                "id": "AS20250723.U005404.01.001.028",
                                "pos": "760,1175,1386,1252",
                                "text": "PKG/WGHT ITEM\nQTY\nQTY\nUOM\nKG/\nNET",
                                "type": "keyText",
                                "title": "Other block",
                                "STATUS": 0,
                                "pageId": "TM000002",
                                "keyText": "",
                                "key_val_data": [
                                    {
                                        "pos": "760,1175,1386,1252",
                                        "pair": {
                                            "PKG/WGHT": "ITEM\nQTY\nQTY\nUOM\nKG/\nNET"
                                        }
                                    }
                                ],
                                "type_detected": "idx_val_type_3"
                            },
                            {
                                "id": "AS20250723.U005404.01.001.029",
                                "pos": "455,1175,1548,1305",
                                "text": "PRODUCT 12/28.0oz 840 CS 8,001.37 13,099.38\nITEM\nQTY\nPRODUCT PKG/WGHT",
                                "type": "keyText",
                                "title": "Other block",
                                "STATUS": 0,
                                "pageId": "TM000002",
                                "keyText": "",
                                "key_val_data": [
                                    {
                                        "pos": "455,1175,1548,1305",
                                        "pair": {
                                            "PRODUCT": "12/28.0oz 840 CS 8,001.37 13,099.38\nITEM\nQTY"
                                        }
                                    },
                                    {
                                        "pos": "455,1175,942,1201",
                                        "pair": {
                                            "PRODUCT": "PKG/WGHT"
                                        }
                                    }
                                ],
                                "type_detected": "idx_val_type_3"
                            },
                            {
                                "id": "AS20250723.U005404.01.001.030",
                                "pos": "32,1175,617,1200",
                                "text": "PRODUCT CODE ORIG PRODUCT",
                                "type": "keyText",
                                "title": "Other block",
                                "STATUS": 0,
                                "pageId": "TM000002",
                                "keyText": "",
                                "key_val_data": [
                                    {
                                        "pos": "32,1175,617,1200",
                                        "pair": {
                                            "PRODUCT CODE ORIG": "PRODUCT"
                                        }
                                    }
                                ],
                                "type_detected": "idx_val_type_3"
                            },
                            {
                                "id": "AS20250723.U005404.01.001.031",
                                "pos": "2041,1176,2347,1305",
                                "text": "ADJ EXTENDED\nAMOUNT\n42,436.80",
                                "type": "keyText",
                                "title": "Other block",
                                "STATUS": 0,
                                "pageId": "TM000002",
                                "keyText": "",
                                "key_val_data": [
                                    {
                                        "pos": "2041,1176,2347,1305",
                                        "pair": {
                                            "ADJ": "EXTENDED\nAMOUNT\n42,436.80"
                                        }
                                    }
                                ],
                                "type_detected": "idx_val_type_3"
                            },
                            {
                                "id": "AS20250723.U005404.01.001.032",
                                "pos": "1447,1225,1926,1305",
                                "text": "GROSS 50.52 42,436.80\nAMOUNT",
                                "type": "keyText",
                                "title": "Other block",
                                "STATUS": 0,
                                "pageId": "TM000002",
                                "keyText": "",
                                "key_val_data": [
                                    {
                                        "pos": "1447,1225,1926,1305",
                                        "pair": {
                                            "GROSS": "50.52 42,436.80\nAMOUNT"
                                        }
                                    }
                                ],
                                "type_detected": "idx_val_type_3"
                            },
                            {
                                "id": "AS20250723.U005404.01.001.033",
                                "pos": "416,1225,1548,1305",
                                "text": "DESCRIPTION 12/28.0oz 840 CS 8,001.37 13,099.38\nQTY",
                                "type": "keyText",
                                "title": "Other block",
                                "STATUS": 0,
                                "pageId": "TM000002",
                                "keyText": "",
                                "key_val_data": [
                                    {
                                        "pos": "416,1225,1548,1305",
                                        "pair": {
                                            "DESCRIPTION": "12/28.0oz 840 CS 8,001.37 13,099.38\nQTY"
                                        }
                                    }
                                ],
                                "type_detected": "idx_val_type_3"
                            },
                            {
                                "id": "AS20250723.U005404.01.001.034",
                                "pos": "362,1275,1548,1305",
                                "text": "EXPORT SODA 28OZ 12/28.0oz 840 CS 8,001.37 13,099.38",
                                "type": "keyText",
                                "title": "Other block",
                                "STATUS": 0,
                                "pageId": "TM000002",
                                "keyText": "",
                                "key_val_data": [
                                    {
                                        "pos": "362,1275,1548,1305",
                                        "pair": {
                                            "EXPORT SODA 28OZ": "12/28.0oz 840 CS 8,001.37 13,099.38"
                                        }
                                    }
                                ],
                                "type_detected": "idx_val_type_3"
                            },
                            {
                                "id": "AS20250723.U005404.01.001.035",
                                "pos": "5,1276,92,1301",
                                "text": "13219",
                                "type": "keyText",
                                "title": "Other block",
                                "STATUS": 0,
                                "pageId": "TM000002",
                                "keyText": "",
                                "type_detected": "Other"
                            },
                            {
                                "id": "AS20250723.U005404.01.001.036",
                                "pos": "23,1342,223,1367",
                                "text": "30100132196",
                                "type": "keyText",
                                "title": "Other block",
                                "STATUS": 0,
                                "pageId": "TM000002",
                                "keyText": "",
                                "type_detected": "Other"
                            },
                            {
                                "id": "AS20250723.U005404.01.001.037",
                                "pos": "348,1342,547,1367",
                                "text": "1905.90.1080",
                                "type": "keyText",
                                "title": "Other block",
                                "STATUS": 0,
                                "pageId": "TM000002",
                                "keyText": "",
                                "type_detected": "Other"
                            },
                            {
                                "id": "AS20250723.U005404.01.001.038",
                                "pos": "363,1526,452,1551",
                                "text": "Totals",
                                "type": "keyText",
                                "title": "Other block",
                                "STATUS": 0,
                                "pageId": "TM000002",
                                "keyText": "",
                                "type_detected": "Other"
                            },
                            {
                                "id": "AS20250723.U005404.01.001.039",
                                "pos": "1027,1526,1082,1551",
                                "text": "840",
                                "type": "keyText",
                                "title": "Other block",
                                "STATUS": 0,
                                "pageId": "TM000002",
                                "keyText": "",
                                "type_detected": "Other"
                            },
                            {
                                "id": "AS20250723.U005404.01.001.040",
                                "pos": "1747,1526,1893,1555",
                                "text": "42,436.80",
                                "type": "keyText",
                                "title": "Other block",
                                "STATUS": 0,
                                "pageId": "TM000002",
                                "keyText": "",
                                "type_detected": "Other"
                            },
                            {
                                "id": "AS20250723.U005404.01.001.041",
                                "pos": "2237,1526,2302,1550",
                                "text": "0.00",
                                "type": "keyText",
                                "title": "Other block",
                                "STATUS": 0,
                                "pageId": "TM000002",
                                "keyText": "",
                                "type_detected": "Other"
                            },
                            {
                                "id": "AS20250723.U005404.01.001.042",
                                "pos": "2,1625,1658,1757",
                                "text": "These commodities, technology or software were exported from the United States in accordance with the Export\nAdministration Regulations. Diversion contrary to U.S. law is prohibited. Unless otherwise notified in writing by\nKellogg Company, the shipment is to be filed as EAR99/NLR and D for domestic in all AES records.",
                                "type": "keyText",
                                "title": "Other block",
                                "STATUS": 0,
                                "pageId": "TM000002",
                                "keyText": "",
                                "key_val_data": [
                                    {
                                        "pos": "3,1625,1658,1707",
                                        "pair": {
                                            "These commodities, technology or software were exported from the United States in accordance with the Export": "Administration Regulations. Diversion contrary to U.S. law is prohibited. Unless otherwise notified in writing by"
                                        }
                                    },
                                    {
                                        "pos": "2,1725,1470,1757",
                                        "pair": {
                                            "Kellogg Company, the shipment is to be filed as EAR99/NLR and D for domestic in all AES records.": ""
                                        }
                                    }
                                ],
                                "type_detected": "left_offset_key_pattern"
                            },
                            {
                                "id": "AS20250723.U005404.01.001.043",
                                "pos": "32,2825,563,2851",
                                "text": "This Invoice is valued in U.S.Dollars",
                                "type": "keyText",
                                "title": "Other block",
                                "STATUS": 0,
                                "pageId": "TM000002",
                                "keyText": "",
                                "type_detected": "Other"
                            },
                            {
                                "id": "AS20250723.U005404.01.001.044",
                                "pos": "1733,2827,2380,2851",
                                "text": "Invoice Total 0.00",
                                "type": "keyText",
                                "title": "Other block",
                                "STATUS": 0,
                                "pageId": "TM000002",
                                "keyText": "",
                                "key_val_data": [
                                    {
                                        "pos": "1733,2827,2380,2851",
                                        "pair": {
                                            "Invoice Total": "0.00"
                                        }
                                    }
                                ],
                                "type_detected": "idx_val_type_2"
                            },
                            {
                                "id": "AS20250723.U005404.01.001.045",
                                "pos": "32,2925,636,3051",
                                "text": "Total Cubic: Feet\nTotal Pounds: Net 17,640 Gross 28,879\nTotal Kilogr: Net",
                                "type": "keyText",
                                "title": "Other block",
                                "STATUS": 0,
                                "pageId": "TM000002",
                                "keyText": "",
                                "key_val_data": [
                                    {
                                        "pos": "32,2925,285,2951",
                                        "pair": {
                                            "Total Cubic": "Feet"
                                        }
                                    },
                                    {
                                        "pos": "32,2975,636,3005",
                                        "pair": {
                                            "Total Pounds": "Net 17,640 Gross 28,879"
                                        }
                                    },
                                    {
                                        "pos": "32,3026,268,3051",
                                        "pair": {
                                            "Total Kilogr": "Net"
                                        }
                                    }
                                ],
                                "type_detected": "idx_type_4"
                            },
                            {
                                "id": "AS20250723.U005404.01.001.046",
                                "pos": "345,2926,581,2951",
                                "text": "155 Meters 4",
                                "type": "keyText",
                                "title": "Other block",
                                "STATUS": 0,
                                "pageId": "TM000002",
                                "keyText": "",
                                "key_val_data": [
                                    {
                                        "pos": "345,2926,581,2951",
                                        "pair": {
                                            "155 Meters": "4"
                                        }
                                    }
                                ],
                                "type_detected": "idx_val_type_2"
                            },
                            {
                                "id": "AS20250723.U005404.01.001.047",
                                "pos": "1713,2960,2382,3006",
                                "text": "I Invoice Net Total 42,436.80",
                                "type": "keyText",
                                "title": "Other block",
                                "STATUS": 0,
                                "pageId": "TM000002",
                                "keyText": "",
                                "key_val_data": [
                                    {
                                        "pos": "1713,2960,2382,3006",
                                        "pair": {
                                            "I Invoice Net Total": "42,436.80"
                                        }
                                    }
                                ],
                                "type_detected": "idx_val_type_3"
                            },
                            {
                                "id": "AS20250723.U005404.01.001.048",
                                "pos": "807,2976,1490,3005",
                                "text": "Terms Net Amount 42,436.80",
                                "type": "keyText",
                                "title": "Other block",
                                "STATUS": 0,
                                "pageId": "TM000002",
                                "keyText": "",
                                "key_val_data": [
                                    {
                                        "pos": "807,2976,1490,3005",
                                        "pair": {
                                            "Terms Net Amount": "42,436.80"
                                        }
                                    }
                                ],
                                "type_detected": "idx_val_type_2"
                            },
                            {
                                "id": "AS20250723.U005404.01.001.049",
                                "pos": "1006,3185,1257,3226",
                                "text": "INVOICE",
                                "type": "keyText",
                                "title": "Other block",
                                "STATUS": 0,
                                "pageId": "TM000002",
                                "keyText": "",
                                "type_detected": "Other"
                            },
                            {
                                "id": "AS20250723.U005404.01.001.050",
                                "pos": "2132,3200,2341,3232",
                                "text": "Page 1 OF 1",
                                "type": "keyText",
                                "title": "Other block",
                                "STATUS": 0,
                                "pageId": "TM000002",
                                "keyText": "",
                                "type_detected": "Other"
                            }
                        ]
                    },
                    {
                        "id": "AS20250723.U005404.01.002",
                        "pos": "",
                        "type": "key",
                        "STATUS": 0,
                        "pageId": "",
                        "children": [
                            {
                                "v": "90118582",
                                "id": "AS20250723.U005404.01.002.001",
                                "pos": "1232,145,1411,176",
                                "type": "key_detail",
                                "label": "SRN",
                                "STATUS": 1,
                                "export": false,
                                "pageId": "TM000002",
                                "children": [],
                                "unique_id": "e9be2eae-3649-4861-8993-62aa88848672",
                                "block_type": "anchor",
                                "advanceSettings": {
                                    "mergeValue": false,
                                    "groupMultiple": false,
                                    "mergeValueSeparator": ",",
                                    "groupMultipleSeparator": ","
                                },
                                "qualifierParent": "references"
                            },
                            {
                                "v": "061347953LA",
                                "id": "AS20250723.U005404.01.002.002",
                                "pos": "1232,145,2102,183",
                                "type": "key_detail",
                                "label": "CLT",
                                "STATUS": 1,
                                "export": false,
                                "pageId": "TM000002",
                                "children": [],
                                "unique_id": "ffdb6480-d1b6-4a79-ad7b-c448f6e39b82",
                                "block_type": "regexExtractor",
                                "advanceSettings": {
                                    "mergeValue": false,
                                    "groupMultiple": false,
                                    "mergeValueSeparator": ",",
                                    "groupMultipleSeparator": ","
                                },
                                "qualifierParent": "references"
                            },
                            {
                                "v": "10522688",
                                "id": "AS20250723.U005404.01.002.003",
                                "pos": "1235,295,1411,326",
                                "type": "key_detail",
                                "label": "PON",
                                "STATUS": 1,
                                "export": false,
                                "pageId": "TM000002",
                                "children": [],
                                "unique_id": "8fde55ce-a29a-455e-bf67-21bc1d211977",
                                "block_type": "anchor",
                                "advanceSettings": {
                                    "mergeValue": false,
                                    "groupMultiple": false,
                                    "mergeValueSeparator": ",",
                                    "groupMultipleSeparator": ","
                                },
                                "qualifierParent": "references"
                            },
                            {
                                "v": "TR00003003",
                                "id": "AS20250723.U005404.01.002.004",
                                "pos": "",
                                "type": "key_detail",
                                "label": "TID",
                                "STATUS": 1,
                                "origin": "lookup",
                                "pageId": "",
                                "children": [],
                                "unique_id": "95e71803-505e-443e-8a47-ae111d41b57b-TID-0",
                                "qualifierParent": "references"
                            },
                            {
                                "v": "Kellogg Sales Company\nDSC Logistics, Inc.\n400 Nestle Way\n18031 BREINIGSVILLE",
                                "id": "AS20250723.U005404.01.002.005",
                                "pos": "301,470,741,701",
                                "type": "key_detail",
                                "label": "consignee",
                                "STATUS": -111,
                                "export": false,
                                "pageId": "TM000002",
                                "children": [
                                    {
                                        "v": "Kellogg Sales Company\nDSC Logistics, Inc.\n400 Nestle Way\n18031 BREINIGSVILLE",
                                        "id": "AS20250723.U005404.01.002.005.001",
                                        "type": "keyTextDetail",
                                        "label": "name",
                                        "STATUS": -111,
                                        "children": [],
                                        "notInUse": true
                                    },
                                    {
                                        "v": "Kellogg Sales Company\nDSC Logistics, Inc.\n400 Nestle Way\n18031 BREINIGSVILLE",
                                        "id": "AS20250723.U005404.01.002.005.002",
                                        "type": "keyTextDetail",
                                        "label": "block",
                                        "STATUS": -111,
                                        "children": [],
                                        "notInUse": true
                                    }
                                ],
                                "notInUse": true,
                                "unique_id": "95e71803-505e-443e-8a47-ae111d41b57b",
                                "block_type": "anchor",
                                "advanceSettings": {},
                                "auto_lookup_unresolved": true
                            },
                            {
                                "v": "ORD",
                                "id": "AS20250723.U005404.01.002.006",
                                "pos": "",
                                "type": "key_detail_static",
                                "label": "shipmentBranchCode",
                                "STATUS": 111,
                                "export": false,
                                "pageId": "",
                                "children": [],
                                "unique_id": "96a2d022-33c9-4848-bbac-bf9fafc70ef1",
                                "block_type": "static",
                                "advanceSettings": {}
                            },
                            {
                                "v": "SEA",
                                "id": "AS20250723.U005404.01.002.007",
                                "pos": "",
                                "type": "key_detail_static",
                                "label": "modeOfTransport",
                                "STATUS": 111,
                                "export": false,
                                "pageId": "",
                                "children": [],
                                "unique_id": "052768d8-cfa0-42a1-8ca7-f04efe946a9c",
                                "block_type": "static",
                                "advanceSettings": {}
                            },
                            {
                                "v": "FCL",
                                "id": "AS20250723.U005404.01.002.008",
                                "pos": "",
                                "type": "key_detail_static",
                                "label": "shipmentType",
                                "STATUS": 111,
                                "export": false,
                                "pageId": "",
                                "children": [],
                                "unique_id": "32d766a4-d3c8-427d-b857-ca47fca0a978",
                                "block_type": "static",
                                "advanceSettings": {}
                            },
                            {
                                "v": "US",
                                "id": "AS20250723.U005404.01.002.009",
                                "pos": "",
                                "type": "key_detail_static",
                                "label": "originCountryCode",
                                "STATUS": 111,
                                "export": false,
                                "pageId": "",
                                "children": [],
                                "unique_id": "25aff5db-318f-49cb-9588-17693edc78fb",
                                "block_type": "static",
                                "advanceSettings": {}
                            },
                            {
                                "v": "K1415",
                                "id": "AS20250723.U005404.01.002.010",
                                "pos": "32,520,151,551",
                                "type": "key_detail",
                                "label": "originLocationCode",
                                "STATUS": 1,
                                "export": false,
                                "pageId": "TM000002",
                                "children": [],
                                "unique_id": "d2cc52eb-31d5-40b4-ae38-5da5db5c021f",
                                "block_type": "selector",
                                "advanceSettings": {}
                            },
                            {
                                "v": "Sahadat bhai",
                                "id": "AS20250723.U005404.01.002.011",
                                "pos": "",
                                "type": "key_detail_static",
                                "label": "BKN",
                                "STATUS": 111,
                                "export": false,
                                "pageId": "",
                                "children": [],
                                "unique_id": "cbf46072-af8d-4a47-b367-9d86032c167f",
                                "block_type": "static",
                                "advanceSettings": {
                                    "mergeValue": false,
                                    "groupMultiple": false,
                                    "mergeValueSeparator": ",",
                                    "groupMultipleSeparator": ","
                                },
                                "qualifierParent": "notes"
                            }
                        ]
                    }
                ],
                "DefinitionID": "US_KELLOGG_ORD_SEA_ShipmentCreate",
                "NameMatchingText": null
            }
        ],
        "STATUS": "0",
        "Vendor": "KELLOGG_ORD",
        "DocType": "None",
        "Project": "ShipmentCreate",
        "Customer": "KELLOGG_ORD",
        "Language": "English",
        "batch_type": ".pdf",
        "bvFilePath": "/batches/email-batches/20250723.04246/extraction/attachments/90118582 -4507888420.pdf",
        "bvBatchType": "Process",
        "DefinitionID": "US_KELLOGG_ORD_SEA_ShipmentCreate",
        "DocumentType": "Commercial Invoice",
        "aidbServerIP": "None",
        "bvPageRotate": "N",
        "bvAIDBProfile": "noAIDBprofile",
        "bvBarcodeRead": "N",
        "NameMatchingText": null,
        "bvSelectedDocTypes": "None",
        "definition_version": "uat"
    },
    "atm_data": {},
    "status": "completed",
    "confirmation_number": "S2503572801",
    "job_id": "aidb:job:yluof:AS20250723.U005404",
    "created_at": "2025-07-25T18:10:06.813204Z",
    "updated_at": "2025-07-25T18:12:36.985916Z",
    "timeline_data": [
        {
            "id": 408664,
            "batch_id": "AS20250723.U005404",
            "status": "completed",
            "message": "Batch Completed - Success",
            "sub_message": null,
            "remarks": null,
            "action": null,
            "event_time": "2025-07-25T18:12:37.493826Z"
        },
        {
            "id": 408663,
            "batch_id": "AS20250723.U005404",
            "status": "inprogress",
            "message": "DataJson Excel stored in batch folder",
            "sub_message": null,
            "remarks": null,
            "action": "download_djson_excel",
            "event_time": "2025-07-25T18:12:37.489083Z"
        },
        {
            "id": 408662,
            "batch_id": "AS20250723.U005404",
            "status": "inprogress",
            "message": "Output json stored in batch folder",
            "sub_message": null,
            "remarks": null,
            "action": "download_output_json",
            "event_time": "2025-07-25T18:12:37.477515Z"
        },
        {
            "id": 408661,
            "batch_id": "AS20250723.U005404",
            "status": "inprogress",
            "message": "OutputJSON response received",
            "sub_message": null,
            "remarks": null,
            "action": null,
            "event_time": "2025-07-25T18:12:37.423106Z"
        },
        {
            "id": 408660,
            "batch_id": "AS20250723.U005404",
            "status": "inprogress",
            "message": "Initiating OutputJSON process",
            "sub_message": null,
            "remarks": null,
            "action": null,
            "event_time": "2025-07-25T18:12:36.993104Z"
        },
        {
            "id": 408659,
            "batch_id": "AS20250723.U005404",
            "status": "inprogress",
            "message": "Post-Processing response received",
            "sub_message": null,
            "remarks": "[]",
            "action": "display_subprocess_messages",
            "event_time": "2025-07-25T18:12:36.976510Z"
        },
        {
            "id": 408658,
            "batch_id": "AS20250723.U005404",
            "status": "inprogress",
            "message": "Initiating Post-Processing",
            "sub_message": null,
            "remarks": null,
            "action": null,
            "event_time": "2025-07-25T18:12:36.448712Z"
        },
        {
            "id": 408657,
            "batch_id": "AS20250723.U005404",
            "status": "warning",
            "message": "Utility response received",
            "sub_message": null,
            "remarks": "[{\"message\": \"Utility Version v6.0\", \"code\": 200, \"module\": \"Utility\"}, {\"message\": \"KeyValueExtractor Version 5.04122023.01\", \"code\": 200, \"module\": \"keyValueExtractor\"}, {\"message\": \"Robot  Version: \", \"code\": 200, \"module\": \"robots\"}, {\"message\": \"No match found for consignee\", \"code\": 400, \"module\": \"Lookups\"}, {\"message\": \"Rules Version v5.1.150022023.01\", \"code\": 200, \"module\": \"Rules\"}]",
            "action": "display_subprocess_messages",
            "event_time": "2025-07-25T18:12:36.438511Z"
        },
        {
            "id": 408656,
            "batch_id": "AS20250723.U005404",
            "status": "inprogress",
            "message": "Initiating utility process",
            "sub_message": null,
            "remarks": null,
            "action": null,
            "event_time": "2025-07-25T18:12:35.435010Z"
        },
        {
            "id": 408655,
            "batch_id": "AS20250723.U005404",
            "status": "inprogress",
            "message": "TableKeys-Processing response received",
            "sub_message": null,
            "remarks": "[]",
            "action": "display_subprocess_messages",
            "event_time": "2025-07-25T18:12:35.426694Z"
        },
        {
            "id": 408654,
            "batch_id": "AS20250723.U005404",
            "status": "inprogress",
            "message": "Initiating TableKeys process",
            "sub_message": null,
            "remarks": null,
            "action": null,
            "event_time": "2025-07-25T18:12:34.777306Z"
        },
        {
            "id": 408653,
            "batch_id": "AS20250723.U005404",
            "status": "warning",
            "message": "Docbuilder response received",
            "sub_message": null,
            "remarks": "[{\"message\": \"Version -  - 6.6.8 19092024 \\n AS20250723.U005404.01 - Main Table - The Docbuilder process skipped \\n AS20250723.U005404.01 - Main Table - Start of the Table Boundary is not found, Please check. \\n AS20250723.U005404 -  - Table Extraction process complete! \\n Execution Time -  - 0.00 seconds\", \"code\": 400, \"module\": \"docbuilder\"}]",
            "action": "display_subprocess_messages",
            "event_time": "2025-07-25T18:12:34.767232Z"
        },
        {
            "id": 408652,
            "batch_id": "AS20250723.U005404",
            "status": "inprogress",
            "message": "Initiating Docbuilder process",
            "sub_message": null,
            "remarks": null,
            "action": null,
            "event_time": "2025-07-25T18:12:33.925951Z"
        },
        {
            "id": 408651,
            "batch_id": "AS20250723.U005404",
            "status": "inprogress",
            "message": "Clearning Data Json",
            "sub_message": null,
            "remarks": null,
            "action": null,
            "event_time": "2025-07-25T18:12:33.612143Z"
        },
        {
            "id": 408650,
            "batch_id": "AS20250723.U005404",
            "status": "inprogress",
            "message": "Batch Processing Started. Definition Version: uat",
            "sub_message": null,
            "remarks": null,
            "action": null,
            "event_time": "2025-07-25T18:12:33.587332Z"
        },
        {
            "id": 408649,
            "batch_id": "AS20250723.U005404",
            "status": "queued",
            "message": "Batch added to queue for processing",
            "sub_message": null,
            "remarks": null,
            "action": null,
            "event_time": "2025-07-25T18:12:33.572068Z"
        },
        {
            "id": 408648,
            "batch_id": "AS20250723.U005404",
            "status": "retest",
            "message": "Request received for processing batch",
            "sub_message": null,
            "remarks": null,
            "action": null,
            "event_time": "2025-07-25T18:12:33.562733Z"
        },
        {
            "id": 408647,
            "batch_id": "AS20250723.U005404",
            "status": "completed",
            "message": "Batch Completed - Success",
            "sub_message": null,
            "remarks": null,
            "action": null,
            "event_time": "2025-07-25T18:12:14.769424Z"
        },
        {
            "id": 408646,
            "batch_id": "AS20250723.U005404",
            "status": "inprogress",
            "message": "DataJson Excel stored in batch folder",
            "sub_message": null,
            "remarks": null,
            "action": "download_djson_excel",
            "event_time": "2025-07-25T18:12:14.765194Z"
        },
        {
            "id": 408645,
            "batch_id": "AS20250723.U005404",
            "status": "inprogress",
            "message": "Output json stored in batch folder",
            "sub_message": null,
            "remarks": null,
            "action": "download_output_json",
            "event_time": "2025-07-25T18:12:14.752607Z"
        }
    ],
    "classified": true,
    "uploaded": true
}